[{
  "id": "1478278542",
  "username": "freshly",
  "fullName": "Freshly",
  "biography": "We do the cooking, you do you. 🍽\nFresh prepared meals ready in minutes.",
  "externalUrl": "https://getfresh.ly/linkinbio",
  "externalUrlShimmed": "https://l.instagram.com/?u=https%3A%2F%2Fgetfresh.ly%2Flinkinbio&e=ATOgEXLnNxq-hJonA0_PtSftFngqM-QKzN39Dij8RUvtUio0ITTz8YpIoeFWxg7bOj9HDxjA9fR27Aka&s=1",
  "followersCount": 326237,
  "followsCount": 15,
  "hasChannel": false,
  "highlightReelCount": 3,
  "isBusinessAccount": true,
  "joinedRecently": false,
  "businessCategoryName": "Restaurants",
  "private": false,
  "verified": true,
  "profilePicUrl": "https://instagram.fmmx1-1.fna.fbcdn.net/v/t51.2885-19/210581067_1422743514778340_6366109231485027222_n.jpg?stp=dst-jpg_s150x150&_nc_ht=instagram.fmmx1-1.fna.fbcdn.net&_nc_cat=1&_nc_ohc=cym3RomlZ1YAX-fQG2b&edm=ABfd0MgBAAAA&ccb=7-4&oh=00_AT_vpEcFgEnRddw9zl9Z2x6VCrRrawJaKRyrBdETkSDYVw&oe=624D7E7D&_nc_sid=7bff83",
  "profilePicUrlHD": "https://instagram.fmmx1-1.fna.fbcdn.net/v/t51.2885-19/210581067_1422743514778340_6366109231485027222_n.jpg?stp=dst-jpg_s320x320&_nc_ht=instagram.fmmx1-1.fna.fbcdn.net&_nc_cat=1&_nc_ohc=cym3RomlZ1YAX-fQG2b&edm=ABfd0MgBAAAA&ccb=7-4&oh=00_AT9HMez6uDcYBMNsXcGNahmnwBLi5qzFCaWfQoNICEfayw&oe=624D7E7D&_nc_sid=7bff83",
  "facebookPage": null,
  "igtvVideoCount": 7,
  "relatedProfiles": [],
  "latestIgtvVideos": [
    {
      "type": "Video",
      "shortCode": "CXbUzdzlsVl",
      "title": "",
      "caption": "“I’m a master trainer, not a master chef…I leave that to @freshly”—celeb personal trainer and our friend @kirastokesfit put together her meal schedule packed with her fave Freshly meals. Want to fuel up like Kira?",
      "commentsCount": 5,
      "commentsDisabled": false,
      "dimensionsHeight": 800,
      "dimensionsWidth": 640,
      "displayUrl": "https://instagram.fmmx1-1.fna.fbcdn.net/v/t51.2885-15/266368970_250642603830272_8022123395948343014_n.jpg?stp=dst-jpg_e35&_nc_ht=instagram.fmmx1-1.fna.fbcdn.net&_nc_cat=108&_nc_ohc=OdeiOhkOXwQAX9tdC6g&edm=ABfd0MgBAAAA&ccb=7-4&oh=00_AT8PeDI0rc_4OEoOEyuGwmimjwW0KOjyzMoDXOSL9uLrbg&oe=6248B157&_nc_sid=7bff83",
      "likesCount": 77,
      "videoDuration": 62.9,
      "videoViewCount": 3473
    },
    {
      "type": "Video",
      "shortCode": "CXTntGqBSpr",
      "title": "",
      "caption": "Chef @kristenlkish has cooked up her ultimate comfort meal. Slow-Cooked Red Wine Beef Brisket is on our menu (for a super limited time)!",
      "commentsCount": 4,
      "commentsDisabled": false,
      "dimensionsHeight": 1088,
      "dimensionsWidth": 612,
      "displayUrl": "https://instagram.fmmx1-1.fna.fbcdn.net/v/t51.2885-15/265187001_6680213685353848_4510810938184742035_n.jpg?stp=dst-jpg_e15&_nc_ht=instagram.fmmx1-1.fna.fbcdn.net&_nc_cat=104&_nc_ohc=TKABzFDYTXoAX9fSMmL&edm=ABfd0MgBAAAA&ccb=7-4&oh=00_AT-oVER22d588vR2aDMm3NmdN68icbzu6TXOOZxftKppnQ&oe=6248D4C7&_nc_sid=7bff83",
      "likesCount": 63,
      "videoDuration": 95.633,
      "videoViewCount": 3139
    },
    {
      "type": "Video",
      "shortCode": "CSxXfIQr59x",
      "title": "'Southern Ode'",
      "caption": "Presenting 'Southern Ode' with chef @hseanbrock. Growing up on a two-acre farm with a storybook Appalachian grandmother, Sean quickly learned the rhythms of the garden. Chores were in the field and the basement was piled high with preserves. In his dish for Freshly, those same traditions of foraging, planting, and preserving live on in a signature touch of sassafras—a native plant that Sean grew up digging in the mountains. Made from the dried and ground leaves of the sassafras tree, it adds a piquant touch—somewhere between earthy citrus and anise—to a trio of roasted late-summer mushrooms.",
      "commentsCount": 9,
      "commentsDisabled": false,
      "dimensionsHeight": 1920,
      "dimensionsWidth": 1080,
      "displayUrl": "https://instagram.fmmx1-1.fna.fbcdn.net/v/t51.2885-15/239232938_1265990527152767_2743698071968436836_n.jpg?stp=dst-jpg_e15_fr_p1080x1080&_nc_ht=instagram.fmmx1-1.fna.fbcdn.net&_nc_cat=111&_nc_ohc=3IHcdSbihmQAX_0kjn8&edm=ABfd0MgBAAAA&ccb=7-4&oh=00_AT-jt25zKQrAyHGf2FL5vqzpofEFOg318FB_jdfFY-1KgQ&oe=6248CC54&_nc_sid=7bff83",
      "likesCount": 131,
      "videoDuration": 100.6,
      "videoViewCount": 5269
    },
    {
      "type": "Video",
      "shortCode": "CSP4WcltitJ",
      "title": "Freshly's #FridgeFriday with @chefkwameonwuachi",
      "caption": "Kicking off our new series, Freshly's #fridgefriday, with the one and only @chefkwameonwuachi! We got an exclusive tour of his fridge and what he likes to keep on hand. \n\n(P.S. his meal will be only be available for a limited time, so add it to your next order if you haven't already.)",
      "commentsCount": 23,
      "commentsDisabled": false,
      "dimensionsHeight": 1920,
      "dimensionsWidth": 1080,
      "displayUrl": "https://instagram.fmmx1-1.fna.fbcdn.net/v/t51.2885-15/232100393_508552053545092_1767730748613294698_n.jpg?stp=dst-jpg_e15_fr_p1080x1080&_nc_ht=instagram.fmmx1-1.fna.fbcdn.net&_nc_cat=104&_nc_ohc=on448UsRt9AAX812pzS&edm=ABfd0MgBAAAA&ccb=7-4&oh=00_AT8tQhyYLszAdnUl-wTpIGd_DFwCe4y7WHsobGkvHv94aQ&oe=6248D83C&_nc_sid=7bff83",
      "likesCount": 146,
      "videoDuration": 61.5,
      "videoViewCount": 5786
    },
    {
      "type": "Video",
      "shortCode": "CQjvvZdnWOb",
      "title": "Freshly's Steak & Eggs Breakfast Sandwich",
      "caption": "Oh this? This is your sign to order the grilled, Flat Iron Steaks from our Proteins & Sides. 😏 Drop your suggestions for other easy recipe ideas below. ⬇",
      "commentsCount": 8,
      "commentsDisabled": false,
      "dimensionsHeight": 1920,
      "dimensionsWidth": 1080,
      "displayUrl": "https://instagram.fmmx1-1.fna.fbcdn.net/v/t51.2885-15/206742936_157644543091212_5422443814336002760_n.jpg?stp=dst-jpg_e15_fr_p1080x1080&_nc_ht=instagram.fmmx1-1.fna.fbcdn.net&_nc_cat=100&_nc_ohc=u9KJ6wJ7-3oAX8N0spt&edm=ABfd0MgBAAAA&ccb=7-4&oh=00_AT_GdoNG6yKOiKX8G8IyZWlihkyYOgBwf4bDCVxoIvsYyQ&oe=6248D4BC&_nc_sid=7bff83",
      "likesCount": 256,
      "videoDuration": 61.633,
      "videoViewCount": 15235
    },
    {
      "type": "Video",
      "shortCode": "CP9EAGItxQ7",
      "title": "'American Symphony'",
      "caption": "‘American Symphony’\n\nPresenting ‘American Symphony’ with @ChefKwameOnwuachi. Raised in the Bronx, with roots in Nigeria, Trinidad, and Jamaica, Kwame Onwuachi has lived many lives—subway candy hawker, self-funded caterer, groundbreaking restaurateur, James Beard Award-winner—all before the age of thirty. Opening in his home turf, we dive into his rich culinary roots and his signature meal, Escovitch Steak—a bold, Jamaican-inspired dish developed exclusively for Freshly.",
      "commentsCount": 1,
      "commentsDisabled": false,
      "dimensionsHeight": 1920,
      "dimensionsWidth": 1080,
      "displayUrl": "https://instagram.fmmx1-1.fna.fbcdn.net/v/t51.2885-15/199304161_512936566788220_6416235165262808782_n.jpg?stp=dst-jpg_e15_fr_p1080x1080&_nc_ht=instagram.fmmx1-1.fna.fbcdn.net&_nc_cat=104&_nc_ohc=G2-OECpAIwYAX9piNXa&edm=ABfd0MgBAAAA&ccb=7-4&oh=00_AT_eLUMhO0vrM307Y3lS-fxNFimw16k3T9B8TY2GB4I9PQ&oe=62486737&_nc_sid=7bff83",
      "likesCount": 169,
      "videoDuration": 98.8,
      "videoViewCount": 5460
    },
    {
      "type": "Video",
      "shortCode": "CNLZQ0HrvR6",
      "title": "‘Birth Luck’",
      "caption": "We're proud to present ‘Birth Luck’ with Chef @JetTila. Born into the ‘first family’ of Thai food in Los Angeles, Jet Tila’s culinary rise was practically written in the stars. Mind you, his path wasn’t exactly linear. Detours included textbook teenage rebellion and dreams of joining the police force, but when push came to shove in his late 20s, he couldn’t deny the richness of his Thai-Chinese upbringings—his birth luck.",
      "commentsCount": 7,
      "commentsDisabled": false,
      "dimensionsHeight": 1920,
      "dimensionsWidth": 1080,
      "displayUrl": "https://instagram.fmmx1-1.fna.fbcdn.net/v/t51.2885-15/167528596_132990838831220_4308732727536863536_n.jpg?stp=dst-jpg_e15_fr_p1080x1080&_nc_ht=instagram.fmmx1-1.fna.fbcdn.net&_nc_cat=108&_nc_ohc=kVhNgTSsRSIAX_89Fi1&edm=ABfd0MgBAAAA&ccb=7-4&oh=00_AT8Wc796NuRjf2_afLxz46ivoRGy3W0w2z3YQbOjv6oh-Q&oe=6248A8F9&_nc_sid=7bff83",
      "likesCount": 119,
      "videoDuration": 108.566,
      "videoViewCount": 4813
    }
  ],
  "postsCount": 1703,
  "latestPosts": [
    {
      "id": "2806227003505907101",
      "type": "Sidecar",
      "shortCode": "CbxuJd3FBWd",
      "caption": "Bring out the confetti, a new meal just dropped!\n\n🎊 Super savory and sweet katsu sauce\n🎊 Veggie packed basmati rice\n🎊 28g of protein to keep you full\n\nThis perfectly baked panko crusted pork will be your new go-to comfort food!",
      "hashtags": [],
      "mentions": [],
      "url": "https://www.instagram.com/p/CbxuJd3FBWd/",
      "commentsCount": 2,
      "firstComment": "",
      "latestComments": [],
      "dimensionsHeight": 1080,
      "dimensionsWidth": 1080,
      "displayUrl": "https://instagram.fmmx1-1.fna.fbcdn.net/v/t51.2885-15/277550469_1176016839893820_2939772455828097383_n.jpg?stp=dst-jpg_e35_s1080x1080&_nc_ht=instagram.fmmx1-1.fna.fbcdn.net&_nc_cat=100&_nc_ohc=bXsf8-dEiFcAX-C9Yc0&edm=ABfd0MgBAAAA&ccb=7-4&oh=00_AT8hGTHsffzeOLN9LeAacu5dcu-YMl0zFSjsT0ens6GWMA&oe=624C3FD4&_nc_sid=7bff83",
      "images": [
        "https://instagram.fmmx1-1.fna.fbcdn.net/v/t51.2885-15/277550469_1176016839893820_2939772455828097383_n.jpg?stp=dst-jpg_e35_s1080x1080&_nc_ht=instagram.fmmx1-1.fna.fbcdn.net&_nc_cat=100&_nc_ohc=bXsf8-dEiFcAX-C9Yc0&edm=ABfd0MgBAAAA&ccb=7-4&oh=00_AT8hGTHsffzeOLN9LeAacu5dcu-YMl0zFSjsT0ens6GWMA&oe=624C3FD4&_nc_sid=7bff83",
        "https://instagram.fmmx1-1.fna.fbcdn.net/v/t51.2885-15/277596429_135796435678328_8104310365598160706_n.jpg?stp=dst-jpg_e35_s1080x1080&_nc_ht=instagram.fmmx1-1.fna.fbcdn.net&_nc_cat=108&_nc_ohc=ygM_XU5Ie28AX9fcMgw&edm=ABfd0MgBAAAA&ccb=7-4&oh=00_AT_q_MUFD0eRqA16TDU-4z7ZaEkTMKkOzpm8xcIyyhQcLw&oe=624D7D0A&_nc_sid=7bff83",
        "https://instagram.fmmx1-1.fna.fbcdn.net/v/t51.2885-15/277552725_1848191882046043_8386684138083097417_n.jpg?stp=dst-jpg_e35_s1080x1080&_nc_ht=instagram.fmmx1-1.fna.fbcdn.net&_nc_cat=107&_nc_ohc=ISo6pJ-0tjAAX9m1tJd&edm=ABfd0MgBAAAA&ccb=7-4&oh=00_AT-XggSvfSUV2TxCriDkW03nxWorP7Enm0PNTDu7s9vocw&oe=624C77D8&_nc_sid=7bff83",
        "https://instagram.fmmx1-1.fna.fbcdn.net/v/t51.2885-15/277700197_116992714126404_8233046701678407597_n.jpg?stp=dst-jpg_e35_s1080x1080&_nc_ht=instagram.fmmx1-1.fna.fbcdn.net&_nc_cat=100&_nc_ohc=rCrh7RaQ0qAAX882IwF&edm=ABfd0MgBAAAA&ccb=7-4&oh=00_AT8EJfDY5n5VRSVhQOfktvjz5_8nqGl-zaDS9YpDmGSgBw&oe=624CB0E1&_nc_sid=7bff83"
      ],
      "alt": "Photo by Freshly on March 31, 2022. May be an image of food and text that says 'Japanese-Style Pork Katsu with Katsu Sauce & Confetti Rice'.",
      "likesCount": 34,
      "timestamp": "2022-03-31T17:39:09.000Z",
      "childPosts": [
        {
          "id": "2806226999999496942",
          "type": "Image",
          "shortCode": "CbxuJamFILu",
          "caption": "",
          "hashtags": [],
          "mentions": [],
          "url": "https://www.instagram.com/p/CbxuJamFILu/",
          "commentsCount": 0,
          "firstComment": "",
          "latestComments": [],
          "dimensionsHeight": 1080,
          "dimensionsWidth": 1080,
          "displayUrl": "https://instagram.fmmx1-1.fna.fbcdn.net/v/t51.2885-15/277550469_1176016839893820_2939772455828097383_n.jpg?stp=dst-jpg_e35_s1080x1080&_nc_ht=instagram.fmmx1-1.fna.fbcdn.net&_nc_cat=100&_nc_ohc=bXsf8-dEiFcAX-C9Yc0&edm=ABfd0MgBAAAA&ccb=7-4&oh=00_AT8hGTHsffzeOLN9LeAacu5dcu-YMl0zFSjsT0ens6GWMA&oe=624C3FD4&_nc_sid=7bff83",
          "images": [],
          "alt": "Photo by Freshly on March 31, 2022. May be an image of food and text that says 'Japanese-Style Pork Katsu with Katsu Sauce & Confetti Rice'.",
          "likesCount": null,
          "timestamp": null,
          "childPosts": [],
          "locationName": null,
          "locationId": null,
          "ownerFullName": null,
          "ownerUsername": "freshly",
          "ownerId": "1478278542"
        },
        {
          "id": "2806227000016270213",
          "type": "Image",
          "shortCode": "CbxuJanFHOF",
          "caption": "",
          "hashtags": [],
          "mentions": [],
          "url": "https://www.instagram.com/p/CbxuJanFHOF/",
          "commentsCount": 0,
          "firstComment": "",
          "latestComments": [],
          "dimensionsHeight": 1080,
          "dimensionsWidth": 1080,
          "displayUrl": "https://instagram.fmmx1-1.fna.fbcdn.net/v/t51.2885-15/277596429_135796435678328_8104310365598160706_n.jpg?stp=dst-jpg_e35_s1080x1080&_nc_ht=instagram.fmmx1-1.fna.fbcdn.net&_nc_cat=108&_nc_ohc=ygM_XU5Ie28AX9fcMgw&edm=ABfd0MgBAAAA&ccb=7-4&oh=00_AT_q_MUFD0eRqA16TDU-4z7ZaEkTMKkOzpm8xcIyyhQcLw&oe=624D7D0A&_nc_sid=7bff83",
          "images": [],
          "alt": "Photo by Freshly on March 31, 2022. May be an image of food and text.",
          "likesCount": null,
          "timestamp": null,
          "childPosts": [],
          "locationName": null,
          "locationId": null,
          "ownerFullName": null,
          "ownerUsername": "freshly",
          "ownerId": "1478278542"
        },
        {
          "id": "2806227000024779767",
          "type": "Image",
          "shortCode": "CbxuJanlkv3",
          "caption": "",
          "hashtags": [],
          "mentions": [],
          "url": "https://www.instagram.com/p/CbxuJanlkv3/",
          "commentsCount": 0,
          "firstComment": "",
          "latestComments": [],
          "dimensionsHeight": 1080,
          "dimensionsWidth": 1080,
          "displayUrl": "https://instagram.fmmx1-1.fna.fbcdn.net/v/t51.2885-15/277552725_1848191882046043_8386684138083097417_n.jpg?stp=dst-jpg_e35_s1080x1080&_nc_ht=instagram.fmmx1-1.fna.fbcdn.net&_nc_cat=107&_nc_ohc=ISo6pJ-0tjAAX9m1tJd&edm=ABfd0MgBAAAA&ccb=7-4&oh=00_AT-XggSvfSUV2TxCriDkW03nxWorP7Enm0PNTDu7s9vocw&oe=624C77D8&_nc_sid=7bff83",
          "images": [],
          "alt": "Photo by Freshly on March 31, 2022. May be an image of text that says 'Baked panko- crusted pork Savory sweet katsu sauce Sesame-studded basmati rice'.",
          "likesCount": null,
          "timestamp": null,
          "childPosts": [],
          "locationName": null,
          "locationId": null,
          "ownerFullName": null,
          "ownerUsername": "freshly",
          "ownerId": "1478278542"
        },
        {
          "id": "2806227000108679503",
          "type": "Image",
          "shortCode": "CbxuJasloFP",
          "caption": "",
          "hashtags": [],
          "mentions": [],
          "url": "https://www.instagram.com/p/CbxuJasloFP/",
          "commentsCount": 0,
          "firstComment": "",
          "latestComments": [],
          "dimensionsHeight": 1080,
          "dimensionsWidth": 1080,
          "displayUrl": "https://instagram.fmmx1-1.fna.fbcdn.net/v/t51.2885-15/277700197_116992714126404_8233046701678407597_n.jpg?stp=dst-jpg_e35_s1080x1080&_nc_ht=instagram.fmmx1-1.fna.fbcdn.net&_nc_cat=100&_nc_ohc=rCrh7RaQ0qAAX882IwF&edm=ABfd0MgBAAAA&ccb=7-4&oh=00_AT8EJfDY5n5VRSVhQOfktvjz5_8nqGl-zaDS9YpDmGSgBw&oe=624CB0E1&_nc_sid=7bff83",
          "images": [],
          "alt": "Photo by Freshly on March 31, 2022. May be an image of drink and text that says 'The Perfect Pairing Drink: A velvety Pinot Noir or mango sparkling water Dessert: Fruit cobbler'.",
          "likesCount": null,
          "timestamp": null,
          "childPosts": [],
          "locationName": null,
          "locationId": null,
          "ownerFullName": null,
          "ownerUsername": "freshly",
          "ownerId": "1478278542"
        }
      ],
      "locationName": null,
      "locationId": null,
      "ownerFullName": null,
      "ownerUsername": "freshly",
      "ownerId": "1478278542"
    },
    {
      "id": "2805483219601579742",
      "type": "Video",
      "shortCode": "CbvFB_Hq97e",
      "caption": "Spring Produce Guide 🛒",
      "hashtags": [],
      "mentions": [],
      "url": "https://www.instagram.com/p/CbvFB_Hq97e/",
      "commentsCount": 1,
      "firstComment": "",
      "latestComments": [],
      "dimensionsHeight": 1920,
      "dimensionsWidth": 1080,
      "displayUrl": "https://instagram.fmmx1-1.fna.fbcdn.net/v/t51.2885-15/277452248_947765979237244_8748339227002893892_n.jpg?stp=dst-jpg_e35_p1080x1080_sh0.08&_nc_ht=instagram.fmmx1-1.fna.fbcdn.net&_nc_cat=104&_nc_ohc=0LVqIjVAwXYAX-7a2Lm&edm=ABfd0MgBAAAA&ccb=7-4&oh=00_AT-OQPLR6-WnL1P2gscFMqlW87ZD2O9ANCX3vc_VoNuFBQ&oe=6248B1F4&_nc_sid=7bff83",
      "images": [],
      "videoUrl": "https://instagram.fmmx1-1.fna.fbcdn.net/v/t50.2886-16/277697890_3358720404355356_346425622049357873_n.mp4?_nc_ht=instagram.fmmx1-1.fna.fbcdn.net&_nc_cat=100&_nc_ohc=q35s2zGot_AAX-g1E5p&edm=ABfd0MgBAAAA&ccb=7-4&oe=6248BFCF&oh=00_AT_mgq_omir38HZHAle9t_3DTWm-yEGs7LEGfRZluC78Cw&_nc_sid=7bff83",
      "alt": null,
      "likesCount": 23,
      "videoViewCount": 971,
      "timestamp": "2022-03-30T17:01:45.000Z",
      "childPosts": [],
      "locationName": null,
      "locationId": null,
      "ownerFullName": null,
      "ownerUsername": "freshly",
      "ownerId": "1478278542",
      "productType": "clips"
    },
    {
      "id": "2805433332194829923",
      "type": "Sidecar",
      "shortCode": "Cbu5sB2g2Zj",
      "caption": "The list is in! Based on our customer ratings, here are this month's favorite meals! Did your go-to meal make it in the top 5?\n\n🏆  Chicken & Spring Pea Risotto\n🔅  BBQ Bison Burger\n🔅  Sausage Baked Penne\n🔅  Hearty Chipotle-Chicken Stew\n🔅  Bistro French Onion Chicken\n\nLink in bio to browse our menu and newest additions!",
      "hashtags": [],
      "mentions": [],
      "url": "https://www.instagram.com/p/Cbu5sB2g2Zj/",
      "commentsCount": 6,
      "firstComment": "",
      "latestComments": [],
      "dimensionsHeight": 718,
      "dimensionsWidth": 1080,
      "displayUrl": "https://instagram.fmmx1-1.fna.fbcdn.net/v/t51.2885-15/277619037_286036666884880_3835160978861956980_n.jpg?stp=dst-jpg_e35_s1080x1080&_nc_ht=instagram.fmmx1-1.fna.fbcdn.net&_nc_cat=104&_nc_ohc=Vey0mYivNj0AX_HtJzO&edm=ABfd0MgBAAAA&ccb=7-4&oh=00_AT9fdeHrffOXJ1bU_QUsEFIMaCrffyEQvrIVWi3dntLO7g&oe=624C87B3&_nc_sid=7bff83",
      "images": [
        "https://instagram.fmmx1-1.fna.fbcdn.net/v/t51.2885-15/277619037_286036666884880_3835160978861956980_n.jpg?stp=dst-jpg_e35_s1080x1080&_nc_ht=instagram.fmmx1-1.fna.fbcdn.net&_nc_cat=104&_nc_ohc=Vey0mYivNj0AX_HtJzO&edm=ABfd0MgBAAAA&ccb=7-4&oh=00_AT9fdeHrffOXJ1bU_QUsEFIMaCrffyEQvrIVWi3dntLO7g&oe=624C87B3&_nc_sid=7bff83",
        "https://instagram.fmmx1-1.fna.fbcdn.net/v/t51.2885-15/277476830_1600802230291475_4261041305001350464_n.jpg?stp=dst-jpg_e35_s1080x1080&_nc_ht=instagram.fmmx1-1.fna.fbcdn.net&_nc_cat=111&_nc_ohc=o2-ChLbxm1QAX_B-DzE&edm=ABfd0MgBAAAA&ccb=7-4&oh=00_AT_a_Ou5InVTYLhbBM_9sUSbFBOciqbNN_tO2TqFKtlkUA&oe=624C960B&_nc_sid=7bff83",
        "https://instagram.fmmx1-1.fna.fbcdn.net/v/t51.2885-15/277474131_116729960964197_1753397551822868533_n.jpg?stp=dst-jpg_e35_s1080x1080&_nc_ht=instagram.fmmx1-1.fna.fbcdn.net&_nc_cat=105&_nc_ohc=1NBSKOVmmlEAX8BtXmc&edm=ABfd0MgBAAAA&ccb=7-4&oh=00_AT8a5jg0ZWn7M8s-JEs9zTpAd00zeWxUh9Msp7ACMcjlRw&oe=624DCB19&_nc_sid=7bff83",
        "https://instagram.fmmx1-1.fna.fbcdn.net/v/t51.2885-15/277615938_135529799007579_6071148533801849046_n.jpg?stp=dst-jpg_e35_s1080x1080&_nc_ht=instagram.fmmx1-1.fna.fbcdn.net&_nc_cat=103&_nc_ohc=yaln54-8IywAX-MFExf&edm=ABfd0MgBAAAA&ccb=7-4&oh=00_AT-BHLXMjs9yaWbglY1wvADDMM1yyFp43VwhEtjpEwIDiA&oe=624D17E2&_nc_sid=7bff83",
        "https://instagram.fmmx1-1.fna.fbcdn.net/v/t51.2885-15/277546641_347832180472439_8320917277891613824_n.jpg?stp=dst-jpg_e35_s1080x1080&_nc_ht=instagram.fmmx1-1.fna.fbcdn.net&_nc_cat=111&_nc_ohc=LpIAu12FUT0AX-R685i&edm=ABfd0MgBAAAA&ccb=7-4&oh=00_AT_q1PHj1C0ejhbZimNoPI35xfqtr5irx_1dSQ8EXUwqgQ&oe=624CB626&_nc_sid=7bff83"
      ],
      "alt": "Photo by Freshly on March 30, 2022. May be an image of food.",
      "likesCount": 44,
      "timestamp": "2022-03-30T15:22:16.000Z",
      "childPosts": [
        {
          "id": "2805433327069412471",
          "type": "Image",
          "shortCode": "Cbu5r9FA7x3",
          "caption": "",
          "hashtags": [],
          "mentions": [],
          "url": "https://www.instagram.com/p/Cbu5r9FA7x3/",
          "commentsCount": 0,
          "firstComment": "",
          "latestComments": [],
          "dimensionsHeight": 718,
          "dimensionsWidth": 1080,
          "displayUrl": "https://instagram.fmmx1-1.fna.fbcdn.net/v/t51.2885-15/277619037_286036666884880_3835160978861956980_n.jpg?stp=dst-jpg_e35_s1080x1080&_nc_ht=instagram.fmmx1-1.fna.fbcdn.net&_nc_cat=104&_nc_ohc=Vey0mYivNj0AX_HtJzO&edm=ABfd0MgBAAAA&ccb=7-4&oh=00_AT9fdeHrffOXJ1bU_QUsEFIMaCrffyEQvrIVWi3dntLO7g&oe=624C87B3&_nc_sid=7bff83",
          "images": [],
          "alt": "Photo by Freshly on March 30, 2022. May be an image of food.",
          "likesCount": null,
          "timestamp": null,
          "childPosts": [],
          "locationName": null,
          "locationId": null,
          "ownerFullName": null,
          "ownerUsername": "freshly",
          "ownerId": "1478278542"
        },
        {
          "id": "2805433327136414138",
          "type": "Image",
          "shortCode": "Cbu5r9JAhm6",
          "caption": "",
          "hashtags": [],
          "mentions": [],
          "url": "https://www.instagram.com/p/Cbu5r9JAhm6/",
          "commentsCount": 0,
          "firstComment": "",
          "latestComments": [],
          "dimensionsHeight": 718,
          "dimensionsWidth": 1080,
          "displayUrl": "https://instagram.fmmx1-1.fna.fbcdn.net/v/t51.2885-15/277476830_1600802230291475_4261041305001350464_n.jpg?stp=dst-jpg_e35_s1080x1080&_nc_ht=instagram.fmmx1-1.fna.fbcdn.net&_nc_cat=111&_nc_ohc=o2-ChLbxm1QAX_B-DzE&edm=ABfd0MgBAAAA&ccb=7-4&oh=00_AT_a_Ou5InVTYLhbBM_9sUSbFBOciqbNN_tO2TqFKtlkUA&oe=624C960B&_nc_sid=7bff83",
          "images": [],
          "alt": "Photo by Freshly on March 30, 2022. May be an image of food and indoor.",
          "likesCount": null,
          "timestamp": null,
          "childPosts": [],
          "locationName": null,
          "locationId": null,
          "ownerFullName": null,
          "ownerUsername": "freshly",
          "ownerId": "1478278542"
        },
        {
          "id": "2805433327379636632",
          "type": "Image",
          "shortCode": "Cbu5r9XgWGY",
          "caption": "",
          "hashtags": [],
          "mentions": [],
          "url": "https://www.instagram.com/p/Cbu5r9XgWGY/",
          "commentsCount": 0,
          "firstComment": "",
          "latestComments": [],
          "dimensionsHeight": 720,
          "dimensionsWidth": 1080,
          "displayUrl": "https://instagram.fmmx1-1.fna.fbcdn.net/v/t51.2885-15/277474131_116729960964197_1753397551822868533_n.jpg?stp=dst-jpg_e35_s1080x1080&_nc_ht=instagram.fmmx1-1.fna.fbcdn.net&_nc_cat=105&_nc_ohc=1NBSKOVmmlEAX8BtXmc&edm=ABfd0MgBAAAA&ccb=7-4&oh=00_AT8a5jg0ZWn7M8s-JEs9zTpAd00zeWxUh9Msp7ACMcjlRw&oe=624DCB19&_nc_sid=7bff83",
          "images": [],
          "alt": "Photo by Freshly on March 30, 2022. May be an image of food and indoor.",
          "likesCount": null,
          "timestamp": null,
          "childPosts": [],
          "locationName": null,
          "locationId": null,
          "ownerFullName": null,
          "ownerUsername": "freshly",
          "ownerId": "1478278542"
        },
        {
          "id": "2805433327052641337",
          "type": "Image",
          "shortCode": "Cbu5r9EA9Q5",
          "caption": "",
          "hashtags": [],
          "mentions": [],
          "url": "https://www.instagram.com/p/Cbu5r9EA9Q5/",
          "commentsCount": 0,
          "firstComment": "",
          "latestComments": [],
          "dimensionsHeight": 718,
          "dimensionsWidth": 1080,
          "displayUrl": "https://instagram.fmmx1-1.fna.fbcdn.net/v/t51.2885-15/277615938_135529799007579_6071148533801849046_n.jpg?stp=dst-jpg_e35_s1080x1080&_nc_ht=instagram.fmmx1-1.fna.fbcdn.net&_nc_cat=103&_nc_ohc=yaln54-8IywAX-MFExf&edm=ABfd0MgBAAAA&ccb=7-4&oh=00_AT-BHLXMjs9yaWbglY1wvADDMM1yyFp43VwhEtjpEwIDiA&oe=624D17E2&_nc_sid=7bff83",
          "images": [],
          "alt": "Photo by Freshly on March 30, 2022. May be an image of food and indoor.",
          "likesCount": null,
          "timestamp": null,
          "childPosts": [],
          "locationName": null,
          "locationId": null,
          "ownerFullName": null,
          "ownerUsername": "freshly",
          "ownerId": "1478278542"
        },
        {
          "id": "2805433327144908130",
          "type": "Image",
          "shortCode": "Cbu5r9Jg7Vi",
          "caption": "",
          "hashtags": [],
          "mentions": [],
          "url": "https://www.instagram.com/p/Cbu5r9Jg7Vi/",
          "commentsCount": 0,
          "firstComment": "",
          "latestComments": [],
          "dimensionsHeight": 718,
          "dimensionsWidth": 1080,
          "displayUrl": "https://instagram.fmmx1-1.fna.fbcdn.net/v/t51.2885-15/277546641_347832180472439_8320917277891613824_n.jpg?stp=dst-jpg_e35_s1080x1080&_nc_ht=instagram.fmmx1-1.fna.fbcdn.net&_nc_cat=111&_nc_ohc=LpIAu12FUT0AX-R685i&edm=ABfd0MgBAAAA&ccb=7-4&oh=00_AT_q1PHj1C0ejhbZimNoPI35xfqtr5irx_1dSQ8EXUwqgQ&oe=624CB626&_nc_sid=7bff83",
          "images": [],
          "alt": "Photo by Freshly on March 30, 2022. May be an image of food.",
          "likesCount": null,
          "timestamp": null,
          "childPosts": [],
          "locationName": null,
          "locationId": null,
          "ownerFullName": null,
          "ownerUsername": "freshly",
          "ownerId": "1478278542"
        }
      ],
      "locationName": null,
      "locationId": null,
      "ownerFullName": null,
      "ownerUsername": "freshly",
      "ownerId": "1478278542"
    },
    {
      "id": "2804772895831984874",
      "type": "Image",
      "shortCode": "CbsjhajtYrq",
      "caption": "\"Freshly completely eliminates the hassle of cooking for lunch with convenient meals. They are chef-cooked meals delivered straight to our door that arrive fresh, not frozen.\"\n\n📸: @cameronandtia",
      "hashtags": [],
      "mentions": [
        "cameronandtia"
      ],
      "url": "https://www.instagram.com/p/CbsjhajtYrq/",
      "commentsCount": 0,
      "firstComment": "",
      "latestComments": [],
      "dimensionsHeight": 1350,
      "dimensionsWidth": 1080,
      "displayUrl": "https://instagram.fmmx1-1.fna.fbcdn.net/v/t51.2885-15/277573349_389893962627671_1604158333599353786_n.jpg?stp=dst-jpg_e35_p1080x1080&_nc_ht=instagram.fmmx1-1.fna.fbcdn.net&_nc_cat=111&_nc_ohc=WiRy7fXtvZoAX8Rl2vI&edm=ABfd0MgBAAAA&ccb=7-4&oh=00_AT81fvonCUIPW2sMxQ4QAonk7ToRt8ByHRa2gLAOVyjlfQ&oe=624D2FE4&_nc_sid=7bff83",
      "images": [],
      "alt": "Photo by Freshly on March 29, 2022. May be an image of 1 person, food, indoor and text that says 'Carb Swap Cauli- Cauli-Sausage Bake - a Homestyle Chicken G 2 Citrus-Kissed Kissed OrangeChicken Orange Chicken む Tlwer Rutabaga Rutabaga_Alla Alla Vodka Sausage Baked BakedPenne Penne Cheeses Oven-Baked Oven- Baked Chicken Florenting'.",
      "likesCount": 103,
      "timestamp": "2022-03-29T17:30:08.000Z",
      "childPosts": [],
      "locationName": null,
      "locationId": null,
      "ownerFullName": null,
      "ownerUsername": "freshly",
      "ownerId": "1478278542"
    },
    {
      "id": "2803989551876644350",
      "type": "Image",
      "shortCode": "CbpxaQpg53-",
      "caption": "Are you in a work from home rut? 🏠 💻 Start trying to implement these tips next week! \n\n1️⃣ Make time for lunch away from your desk\n2️⃣ Get up and stretch and hydrate\n3️⃣ Clean up and organize your workspace at the end of the week\n4️⃣ Work & life balance is so important! Set a time to \"clock out\" and close your computer\n\n#freshly #wfh #homeoffice #selfcare #tips",
      "hashtags": [
        "freshly",
        "wfh",
        "homeoffice",
        "selfcare",
        "tips"
      ],
      "mentions": [],
      "url": "https://www.instagram.com/p/CbpxaQpg53-/",
      "commentsCount": 12,
      "firstComment": "",
      "latestComments": [],
      "dimensionsHeight": 1350,
      "dimensionsWidth": 1080,
      "displayUrl": "https://instagram.fmmx1-1.fna.fbcdn.net/v/t51.2885-15/277405046_1128974854622860_6095093485756139277_n.jpg?stp=dst-jpg_e35_p1080x1080&_nc_ht=instagram.fmmx1-1.fna.fbcdn.net&_nc_cat=104&_nc_ohc=MvR1tRFwLi8AX_PS6St&edm=ABfd0MgBAAAA&ccb=7-4&oh=00_AT-Zst--RF1N6ywinz52-PREsyoIwq2RChC8CInTonIfBg&oe=624C6AA4&_nc_sid=7bff83",
      "images": [],
      "alt": "Photo by Freshly on March 28, 2022. May be an image of food and indoor.",
      "likesCount": 51,
      "timestamp": "2022-03-28T15:33:44.000Z",
      "childPosts": [],
      "locationName": null,
      "locationId": null,
      "ownerFullName": null,
      "ownerUsername": "freshly",
      "ownerId": "1478278542"
    },
    {
      "id": "2802523190057320595",
      "type": "Image",
      "shortCode": "Cbkj_4yKUCT",
      "caption": "Spinach is the mealtime super hero you didn't know you needed. Or maybe you're one of the few (looking @ you Popeye) that's always had a deep love for spinach and all its vitamins.\n\n🍃 Support bone health (calcium & vitamin K)\n🍃 Lower blood pressure (potassium)\n🍃 Lead to healthier skin and hair (vitamin A)\n🍃 Protect your eyesight (vitamin C)\n🍃 Fight free radicals (chlorophyll)\n🍃 Help with energy levels (fiber and iron)\n\n#freshly #nationalspinachday #spinach",
      "hashtags": [
        "freshly",
        "nationalspinachday",
        "spinach"
      ],
      "mentions": [],
      "url": "https://www.instagram.com/p/Cbkj_4yKUCT/",
      "commentsCount": 0,
      "firstComment": "",
      "latestComments": [],
      "dimensionsHeight": 1080,
      "dimensionsWidth": 1080,
      "displayUrl": "https://instagram.fmmx1-1.fna.fbcdn.net/v/t51.2885-15/277289266_340179681403837_4843703769006953944_n.jpg?stp=dst-jpg_e35&_nc_ht=instagram.fmmx1-1.fna.fbcdn.net&_nc_cat=101&_nc_ohc=rnIomYFTTewAX-UGvLM&edm=ABfd0MgBAAAA&ccb=7-4&oh=00_AT-OucuUgd0XeCa-GIQWLJbtSQr-Y1uFPpIwlLPoljNxow&oe=624CC965&_nc_sid=7bff83",
      "images": [],
      "alt": "Photo by Freshly on March 26, 2022. May be an image of text that says 'N A V L S B R Î T o c S A U R B N K H P N E N D A T I I O N z L A R L N F P X Y D J E A L E T H S P R c V F R z B Y E H N I E R'.",
      "likesCount": 26,
      "timestamp": "2022-03-26T15:00:25.000Z",
      "childPosts": [],
      "locationName": null,
      "locationId": null,
      "ownerFullName": null,
      "ownerUsername": "freshly",
      "ownerId": "1478278542"
    },
    {
      "id": "2801254234745980695",
      "type": "Sidecar",
      "shortCode": "CbgDeKDl8cX",
      "caption": "🗣️Calling all cheese heads! Our Cheesy Vegetable Gratin is for you!\n\n 🧀  Veggie packed with all your favs including broccoli, cauliflower, Parisian carrots, and onions\n 🧀  Drizzled with creamy cheese sauce \n 🧀  Less than 500 calories\n\nTo finish it off, the dish is sprinkled with *extra* shredded cheddar and toasted almonds.",
      "hashtags": [],
      "mentions": [],
      "url": "https://www.instagram.com/p/CbgDeKDl8cX/",
      "commentsCount": 7,
      "firstComment": "",
      "latestComments": [],
      "dimensionsHeight": 1080,
      "dimensionsWidth": 1080,
      "displayUrl": "https://instagram.fmmx1-1.fna.fbcdn.net/v/t51.2885-15/277151048_1345043752637254_2212061328652584229_n.jpg?stp=dst-jpg_e35_s1080x1080&_nc_ht=instagram.fmmx1-1.fna.fbcdn.net&_nc_cat=110&_nc_ohc=vVKXC3RKcbQAX9LxaHv&edm=ABfd0MgBAAAA&ccb=7-4&oh=00_AT-joETJCIhmVa-pa4BuBG08tMK6naF11SwTEouxh0aIow&oe=624D967E&_nc_sid=7bff83",
      "images": [
        "https://instagram.fmmx1-1.fna.fbcdn.net/v/t51.2885-15/277151048_1345043752637254_2212061328652584229_n.jpg?stp=dst-jpg_e35_s1080x1080&_nc_ht=instagram.fmmx1-1.fna.fbcdn.net&_nc_cat=110&_nc_ohc=vVKXC3RKcbQAX9LxaHv&edm=ABfd0MgBAAAA&ccb=7-4&oh=00_AT-joETJCIhmVa-pa4BuBG08tMK6naF11SwTEouxh0aIow&oe=624D967E&_nc_sid=7bff83",
        "https://instagram.fmmx1-1.fna.fbcdn.net/v/t51.2885-15/276271549_677571016812710_7665254521385186398_n.jpg?stp=dst-jpg_e35_s1080x1080&_nc_ht=instagram.fmmx1-1.fna.fbcdn.net&_nc_cat=102&_nc_ohc=ZFXf8eIzK3AAX-9kr5I&edm=ABfd0MgBAAAA&ccb=7-4&oh=00_AT9-X9KSIhiocUfjbIyJ28y9jnAwy-wxHJNe-_nr7SXveg&oe=624D6BB9&_nc_sid=7bff83",
        "https://instagram.fmmx1-1.fna.fbcdn.net/v/t51.2885-15/277217213_492972639198563_8496384490752737113_n.jpg?stp=dst-jpg_e35_s1080x1080&_nc_ht=instagram.fmmx1-1.fna.fbcdn.net&_nc_cat=111&_nc_ohc=8gGffmBvm5IAX8pZ_eD&edm=ABfd0MgBAAAA&ccb=7-4&oh=00_AT_FRBu-EJ_v1n5z1-mjTkZ4n9x6JJegmTJ3cwHB0oM6jw&oe=624D7EF0&_nc_sid=7bff83",
        "https://instagram.fmmx1-1.fna.fbcdn.net/v/t51.2885-15/277113968_1360516917746113_2696763131279438724_n.jpg?stp=dst-jpg_e35_s1080x1080&_nc_ht=instagram.fmmx1-1.fna.fbcdn.net&_nc_cat=101&_nc_ohc=UPAoXGBMC88AX_CbIFY&edm=ABfd0MgBAAAA&ccb=7-4&oh=00_AT-WxnVXr0VhG2dfmU5uQbL1FOWzEEGAE5M7mbVr6J_hpQ&oe=624CAB8D&_nc_sid=7bff83"
      ],
      "alt": "Photo by Freshly on March 24, 2022. May be an image of food and text that says 'Cheesy Vegetable Gratin with Toasted Almonds & Oats'.",
      "likesCount": 68,
      "timestamp": "2022-03-24T20:59:08.000Z",
      "childPosts": [
        {
          "id": "2801254231323346185",
          "type": "Image",
          "shortCode": "CbgDeG3loUJ",
          "caption": "",
          "hashtags": [],
          "mentions": [],
          "url": "https://www.instagram.com/p/CbgDeG3loUJ/",
          "commentsCount": 0,
          "firstComment": "",
          "latestComments": [],
          "dimensionsHeight": 1080,
          "dimensionsWidth": 1080,
          "displayUrl": "https://instagram.fmmx1-1.fna.fbcdn.net/v/t51.2885-15/277151048_1345043752637254_2212061328652584229_n.jpg?stp=dst-jpg_e35_s1080x1080&_nc_ht=instagram.fmmx1-1.fna.fbcdn.net&_nc_cat=110&_nc_ohc=vVKXC3RKcbQAX9LxaHv&edm=ABfd0MgBAAAA&ccb=7-4&oh=00_AT-joETJCIhmVa-pa4BuBG08tMK6naF11SwTEouxh0aIow&oe=624D967E&_nc_sid=7bff83",
          "images": [],
          "alt": "Photo by Freshly on March 24, 2022. May be an image of food and text that says 'Cheesy Vegetable Gratin with Toasted Almonds & Oats'.",
          "likesCount": null,
          "timestamp": null,
          "childPosts": [],
          "locationName": null,
          "locationId": null,
          "ownerFullName": null,
          "ownerUsername": "freshly",
          "ownerId": "1478278542"
        },
        {
          "id": "2801254231323323666",
          "type": "Image",
          "shortCode": "CbgDeG3li0S",
          "caption": "",
          "hashtags": [],
          "mentions": [],
          "url": "https://www.instagram.com/p/CbgDeG3li0S/",
          "commentsCount": 0,
          "firstComment": "",
          "latestComments": [],
          "dimensionsHeight": 1080,
          "dimensionsWidth": 1080,
          "displayUrl": "https://instagram.fmmx1-1.fna.fbcdn.net/v/t51.2885-15/276271549_677571016812710_7665254521385186398_n.jpg?stp=dst-jpg_e35_s1080x1080&_nc_ht=instagram.fmmx1-1.fna.fbcdn.net&_nc_cat=102&_nc_ohc=ZFXf8eIzK3AAX-9kr5I&edm=ABfd0MgBAAAA&ccb=7-4&oh=00_AT9-X9KSIhiocUfjbIyJ28y9jnAwy-wxHJNe-_nr7SXveg&oe=624D6BB9&_nc_sid=7bff83",
          "images": [],
          "alt": "Photo by Freshly on March 24, 2022. May be an image of food and text that says 'This vegetarian gratin is packed with nutritious and veggie-licious goodness.'.",
          "likesCount": null,
          "timestamp": null,
          "childPosts": [],
          "locationName": null,
          "locationId": null,
          "ownerFullName": null,
          "ownerUsername": "freshly",
          "ownerId": "1478278542"
        },
        {
          "id": "2801254231323417256",
          "type": "Image",
          "shortCode": "CbgDeG3l5qo",
          "caption": "",
          "hashtags": [],
          "mentions": [],
          "url": "https://www.instagram.com/p/CbgDeG3l5qo/",
          "commentsCount": 0,
          "firstComment": "",
          "latestComments": [],
          "dimensionsHeight": 1080,
          "dimensionsWidth": 1080,
          "displayUrl": "https://instagram.fmmx1-1.fna.fbcdn.net/v/t51.2885-15/277217213_492972639198563_8496384490752737113_n.jpg?stp=dst-jpg_e35_s1080x1080&_nc_ht=instagram.fmmx1-1.fna.fbcdn.net&_nc_cat=111&_nc_ohc=8gGffmBvm5IAX8pZ_eD&edm=ABfd0MgBAAAA&ccb=7-4&oh=00_AT_FRBu-EJ_v1n5z1-mjTkZ4n9x6JJegmTJ3cwHB0oM6jw&oe=624D7EF0&_nc_sid=7bff83",
          "images": [],
          "alt": "Photo by Freshly on March 24, 2022. May be an image of text that says '420 Calories 15g of protein 6 Varieties of veg'.",
          "likesCount": null,
          "timestamp": null,
          "childPosts": [],
          "locationName": null,
          "locationId": null,
          "ownerFullName": null,
          "ownerUsername": "freshly",
          "ownerId": "1478278542"
        },
        {
          "id": "2801254231440791728",
          "type": "Image",
          "shortCode": "CbgDeG-lpiw",
          "caption": "",
          "hashtags": [],
          "mentions": [],
          "url": "https://www.instagram.com/p/CbgDeG-lpiw/",
          "commentsCount": 0,
          "firstComment": "",
          "latestComments": [],
          "dimensionsHeight": 1080,
          "dimensionsWidth": 1080,
          "displayUrl": "https://instagram.fmmx1-1.fna.fbcdn.net/v/t51.2885-15/277113968_1360516917746113_2696763131279438724_n.jpg?stp=dst-jpg_e35_s1080x1080&_nc_ht=instagram.fmmx1-1.fna.fbcdn.net&_nc_cat=101&_nc_ohc=UPAoXGBMC88AX_CbIFY&edm=ABfd0MgBAAAA&ccb=7-4&oh=00_AT-WxnVXr0VhG2dfmU5uQbL1FOWzEEGAE5M7mbVr6J_hpQ&oe=624CAB8D&_nc_sid=7bff83",
          "images": [],
          "alt": "Photo by Freshly on March 24, 2022. May be an image of text that says 'The Perfect Pairing Drink: A refreshing glass of chardonnay or citrusy seltzer Dessert: Creamy crème brûlée'.",
          "likesCount": null,
          "timestamp": null,
          "childPosts": [],
          "locationName": null,
          "locationId": null,
          "ownerFullName": null,
          "ownerUsername": "freshly",
          "ownerId": "1478278542"
        }
      ],
      "locationName": null,
      "locationId": null,
      "ownerFullName": null,
      "ownerUsername": "freshly",
      "ownerId": "1478278542"
    },
    {
      "id": "2800535237717046106",
      "type": "Video",
      "shortCode": "Cbdf_X5FrNa",
      "caption": "BRB falling more and more in love with complex carbs.",
      "hashtags": [],
      "mentions": [],
      "url": "https://www.instagram.com/p/Cbdf_X5FrNa/",
      "commentsCount": 3,
      "firstComment": "",
      "latestComments": [],
      "dimensionsHeight": 1918,
      "dimensionsWidth": 1080,
      "displayUrl": "https://instagram.fmmx1-1.fna.fbcdn.net/v/t51.2885-15/277082007_5080650208645319_6634100861491288320_n.jpg?stp=dst-jpg_e15&_nc_ht=instagram.fmmx1-1.fna.fbcdn.net&_nc_cat=111&_nc_ohc=ymFVfkZ2laMAX-FPxiT&edm=ABfd0MgBAAAA&ccb=7-4&oh=00_AT9fggibz6h2oM8KrlsxoTXfMouSOE-xikOIfGRPuzfjjw&oe=6248B7DB&_nc_sid=7bff83",
      "images": [],
      "videoUrl": "https://instagram.fmmx1-1.fna.fbcdn.net/v/t50.2886-16/277010637_819932535593825_2761207551657127999_n.mp4?_nc_ht=instagram.fmmx1-1.fna.fbcdn.net&_nc_cat=105&_nc_ohc=_xu3y6CFZlIAX-fszWR&edm=ABfd0MgBAAAA&ccb=7-4&oe=6248D80D&oh=00_AT9AfcGgaORg6AZLmeJ6S17lW2c0NEFWAlAsUNjmZnod9g&_nc_sid=7bff83",
      "alt": null,
      "likesCount": 45,
      "videoViewCount": 3098,
      "timestamp": "2022-03-23T21:10:46.000Z",
      "childPosts": [],
      "locationName": null,
      "locationId": null,
      "ownerFullName": null,
      "ownerUsername": "freshly",
      "ownerId": "1478278542",
      "productType": "clips"
    },
    {
      "id": "2797630831138189719",
      "type": "Image",
      "shortCode": "CbTLmserDGX",
      "caption": "Things you should know if you LOVE potatoes:\n\n🥔  They're 80% water\n🥔  They're grown in all 50 states\n🥔  They were first vegetable to be grown in space back in 1995\n#freshly #nationalnutritionmonth #potatoes",
      "hashtags": [
        "freshly",
        "nationalnutritionmonth",
        "potatoes"
      ],
      "mentions": [],
      "url": "https://www.instagram.com/p/CbTLmserDGX/",
      "commentsCount": 12,
      "firstComment": "",
      "latestComments": [],
      "dimensionsHeight": 1080,
      "dimensionsWidth": 1080,
      "displayUrl": "https://instagram.fmmx1-1.fna.fbcdn.net/v/t51.2885-15/276983978_723876462353568_3532370863723668774_n.jpg?stp=dst-jpg_e35&_nc_ht=instagram.fmmx1-1.fna.fbcdn.net&_nc_cat=100&_nc_ohc=-vxW9XQc3D8AX_KPcP9&edm=ABfd0MgBAAAA&ccb=7-4&oh=00_AT-ffornwjExQoPiKMe6tt2H1H738lPqFnuzQlyqnTf8Rg&oe=624CB025&_nc_sid=7bff83",
      "images": [],
      "alt": "Photo by Freshly on March 19, 2022. May be an image of text that says 'MOST COMMONLY CONSUMED VEGETABLES IN THEU.S. Fresh 60 Canned Frozen Dehydrated Potato Chips 40 20 Potatoes Potatoes Tomatoes Onions Carrots ettuce Corn Head Sweet Lettuce Leaf Romaine Û Decembe'.",
      "likesCount": 93,
      "timestamp": "2022-03-19T21:00:08.000Z",
      "childPosts": [],
      "locationName": null,
      "locationId": null,
      "ownerFullName": null,
      "ownerUsername": "freshly",
      "ownerId": "1478278542"
    },
    {
      "id": "2796035540259013740",
      "type": "Sidecar",
      "shortCode": "CbNg4KEgYRs",
      "caption": "For those nights where you're feelin' fancy in your jammies, try our Flame-Seared Top Blade Steak!\n\n🥩  Premium cut seared steak\n💪  41 grams of protein\n🥬  Fan-favorite green pea risotto \n\nGrab your favorite glass of vino and light some candles for a lavish evening with your next Freshly delivery.",
      "hashtags": [],
      "mentions": [],
      "url": "https://www.instagram.com/p/CbNg4KEgYRs/",
      "commentsCount": 16,
      "firstComment": "",
      "latestComments": [],
      "dimensionsHeight": 750,
      "dimensionsWidth": 750,
      "displayUrl": "https://instagram.fmmx1-1.fna.fbcdn.net/v/t51.2885-15/275291149_1096672227790383_4499790652372869682_n.jpg?stp=dst-jpg_e35&_nc_ht=instagram.fmmx1-1.fna.fbcdn.net&_nc_cat=103&_nc_ohc=vz75CognQScAX-4Xq2c&edm=ABfd0MgBAAAA&ccb=7-4&oh=00_AT-L5n4WzBaP_W_6iF0YTf2IMZfIc2oRgvgsy3NMsCGNnw&oe=6248A2B3&_nc_sid=7bff83",
      "images": [
        "https://instagram.fmmx1-1.fna.fbcdn.net/v/t51.2885-15/275291149_1096672227790383_4499790652372869682_n.jpg?stp=dst-jpg_e35&_nc_ht=instagram.fmmx1-1.fna.fbcdn.net&_nc_cat=103&_nc_ohc=vz75CognQScAX-4Xq2c&edm=ABfd0MgBAAAA&ccb=7-4&oh=00_AT-L5n4WzBaP_W_6iF0YTf2IMZfIc2oRgvgsy3NMsCGNnw&oe=6248A2B3&_nc_sid=7bff83",
        "https://instagram.fmmx1-1.fna.fbcdn.net/v/t51.2885-15/275867713_539946857413553_8612572336474696022_n.jpg?stp=dst-jpg_e35_s1080x1080&_nc_ht=instagram.fmmx1-1.fna.fbcdn.net&_nc_cat=105&_nc_ohc=D-HURByJjIQAX_1zPaV&edm=ABfd0MgBAAAA&ccb=7-4&oh=00_AT9mhtOBg3PoQnwj0QrKYWnGKwQUgyN8iXHRN3d4De_rmA&oe=624D250A&_nc_sid=7bff83",
        "https://instagram.fmmx1-1.fna.fbcdn.net/v/t51.2885-15/275970452_556177405545721_7154660876612788206_n.jpg?stp=dst-jpg_e35_s1080x1080&_nc_ht=instagram.fmmx1-1.fna.fbcdn.net&_nc_cat=101&_nc_ohc=n_ByJMLxGDsAX_9S21N&edm=ABfd0MgBAAAA&ccb=7-4&oh=00_AT8sexW_Ot0ckBblXU__Q_Gn73H0Bkw3lAtKNFj26jcB2g&oe=624C4D32&_nc_sid=7bff83",
        "https://instagram.fmmx1-1.fna.fbcdn.net/v/t51.2885-15/275852909_932578504094861_3869660771493467673_n.jpg?stp=dst-jpg_e35_s1080x1080&_nc_ht=instagram.fmmx1-1.fna.fbcdn.net&_nc_cat=105&_nc_ohc=q8t3y50-NTMAX-iqM6N&edm=ABfd0MgBAAAA&ccb=7-4&oh=00_AT9IXW_gXfU3KO3siGAWrBLJdpJkz-9WRsKO4hu0X0syhA&oe=624D923B&_nc_sid=7bff83"
      ],
      "alt": null,
      "likesCount": 70,
      "timestamp": "2022-03-17T16:10:32.000Z",
      "childPosts": [
        {
          "id": "2796035381101897857",
          "type": "Video",
          "shortCode": "CbNg112AKiB",
          "caption": "",
          "hashtags": [],
          "mentions": [],
          "url": "https://www.instagram.com/p/CbNg112AKiB/",
          "commentsCount": 0,
          "firstComment": "",
          "latestComments": [],
          "dimensionsHeight": 750,
          "dimensionsWidth": 750,
          "displayUrl": "https://instagram.fmmx1-1.fna.fbcdn.net/v/t51.2885-15/275291149_1096672227790383_4499790652372869682_n.jpg?stp=dst-jpg_e35&_nc_ht=instagram.fmmx1-1.fna.fbcdn.net&_nc_cat=103&_nc_ohc=vz75CognQScAX-4Xq2c&edm=ABfd0MgBAAAA&ccb=7-4&oh=00_AT-L5n4WzBaP_W_6iF0YTf2IMZfIc2oRgvgsy3NMsCGNnw&oe=6248A2B3&_nc_sid=7bff83",
          "images": [],
          "videoUrl": "https://instagram.fmmx1-1.fna.fbcdn.net/v/t50.2886-16/276037224_1107084493357999_1799560855561213681_n.mp4?_nc_ht=instagram.fmmx1-1.fna.fbcdn.net&_nc_cat=107&_nc_ohc=bKt5y-bjulkAX-aO3Kr&edm=ABfd0MgBAAAA&ccb=7-4&oe=6248B380&oh=00_AT_UmCMWI3Fmh3nxFCGu-1eeerNt2qgNk-fKgU7gAPa-Tg&_nc_sid=7bff83",
          "alt": null,
          "likesCount": null,
          "videoViewCount": 1969,
          "timestamp": null,
          "childPosts": [],
          "locationName": null,
          "locationId": null,
          "ownerFullName": null,
          "ownerUsername": "freshly",
          "ownerId": "1478278542"
        },
        {
          "id": "2796035535402148135",
          "type": "Image",
          "shortCode": "CbNg4FjA6En",
          "caption": "",
          "hashtags": [],
          "mentions": [],
          "url": "https://www.instagram.com/p/CbNg4FjA6En/",
          "commentsCount": 0,
          "firstComment": "",
          "latestComments": [],
          "dimensionsHeight": 1080,
          "dimensionsWidth": 1080,
          "displayUrl": "https://instagram.fmmx1-1.fna.fbcdn.net/v/t51.2885-15/275867713_539946857413553_8612572336474696022_n.jpg?stp=dst-jpg_e35_s1080x1080&_nc_ht=instagram.fmmx1-1.fna.fbcdn.net&_nc_cat=105&_nc_ohc=D-HURByJjIQAX_1zPaV&edm=ABfd0MgBAAAA&ccb=7-4&oh=00_AT9mhtOBg3PoQnwj0QrKYWnGKwQUgyN8iXHRN3d4De_rmA&oe=624D250A&_nc_sid=7bff83",
          "images": [],
          "alt": "Photo by Freshly on March 17, 2022. May be an image of food and text that says 'chef's special Succulent and seared to perfection, this premium top- blade steak sure to please.'.",
          "likesCount": null,
          "timestamp": null,
          "childPosts": [],
          "locationName": null,
          "locationId": null,
          "ownerFullName": null,
          "ownerUsername": "freshly",
          "ownerId": "1478278542"
        },
        {
          "id": "2796035535385245220",
          "type": "Image",
          "shortCode": "CbNg4FiAbYk",
          "caption": "",
          "hashtags": [],
          "mentions": [],
          "url": "https://www.instagram.com/p/CbNg4FiAbYk/",
          "commentsCount": 0,
          "firstComment": "",
          "latestComments": [],
          "dimensionsHeight": 1080,
          "dimensionsWidth": 1080,
          "displayUrl": "https://instagram.fmmx1-1.fna.fbcdn.net/v/t51.2885-15/275970452_556177405545721_7154660876612788206_n.jpg?stp=dst-jpg_e35_s1080x1080&_nc_ht=instagram.fmmx1-1.fna.fbcdn.net&_nc_cat=101&_nc_ohc=n_ByJMLxGDsAX_9S21N&edm=ABfd0MgBAAAA&ccb=7-4&oh=00_AT8sexW_Ot0ckBblXU__Q_Gn73H0Bkw3lAtKNFj26jcB2g&oe=624C4D32&_nc_sid=7bff83",
          "images": [],
          "alt": "Photo by Freshly on March 17, 2022. May be an image of food and text that says 'P. chef's special Premium cut of top-blade steak Herbed green pea risotto Sautéed spinach, kale cabbage, and carrots Creamy parmesan sauce Sharp cheesy crumble'.",
          "likesCount": null,
          "timestamp": null,
          "childPosts": [],
          "locationName": null,
          "locationId": null,
          "ownerFullName": null,
          "ownerUsername": "freshly",
          "ownerId": "1478278542"
        },
        {
          "id": "2796035535469028151",
          "type": "Image",
          "shortCode": "CbNg4FnACM3",
          "caption": "",
          "hashtags": [],
          "mentions": [],
          "url": "https://www.instagram.com/p/CbNg4FnACM3/",
          "commentsCount": 0,
          "firstComment": "",
          "latestComments": [],
          "dimensionsHeight": 1080,
          "dimensionsWidth": 1080,
          "displayUrl": "https://instagram.fmmx1-1.fna.fbcdn.net/v/t51.2885-15/275852909_932578504094861_3869660771493467673_n.jpg?stp=dst-jpg_e35_s1080x1080&_nc_ht=instagram.fmmx1-1.fna.fbcdn.net&_nc_cat=105&_nc_ohc=q8t3y50-NTMAX-iqM6N&edm=ABfd0MgBAAAA&ccb=7-4&oh=00_AT9IXW_gXfU3KO3siGAWrBLJdpJkz-9WRsKO4hu0X0syhA&oe=624D923B&_nc_sid=7bff83",
          "images": [],
          "alt": "Photo by Freshly on March 17, 2022. May be an image of drink and text that says 'P. chef's special The Perfect Pairing Drink: A full-bodied Malbec Dessert: Decadent dark chocolate mousse'.",
          "likesCount": null,
          "timestamp": null,
          "childPosts": [],
          "locationName": null,
          "locationId": null,
          "ownerFullName": null,
          "ownerUsername": "freshly",
          "ownerId": "1478278542"
        }
      ],
      "locationName": null,
      "locationId": null,
      "ownerFullName": null,
      "ownerUsername": "freshly",
      "ownerId": "1478278542"
    },
    {
      "id": "2795251269567116754",
      "type": "Video",
      "shortCode": "CbKujhEgfXS",
      "caption": "Foods that give you energy! 🔋 #freshly #energy #daylightsavings",
      "hashtags": [
        "freshly",
        "energy",
        "daylightsavings"
      ],
      "mentions": [],
      "url": "https://www.instagram.com/p/CbKujhEgfXS/",
      "commentsCount": 4,
      "firstComment": "",
      "latestComments": [],
      "dimensionsHeight": 1919,
      "dimensionsWidth": 1080,
      "displayUrl": "https://instagram.fmmx1-1.fna.fbcdn.net/v/t51.2885-15/275846631_504706871061337_7856479730393967435_n.jpg?stp=dst-jpg_e35_p1080x1080_sh0.08&_nc_ht=instagram.fmmx1-1.fna.fbcdn.net&_nc_cat=101&_nc_ohc=d4EQ8WkN3UcAX_vYgT_&edm=ABfd0MgBAAAA&ccb=7-4&oh=00_AT8sKUpW5tHPb3AK0TxBrdB2ClF2Ogflj_HoWBPafAYPyQ&oe=62488BFB&_nc_sid=7bff83",
      "images": [],
      "videoUrl": "https://instagram.fmmx1-1.fna.fbcdn.net/v/t50.2886-16/275854507_1386766948413200_2152537547035437304_n.mp4?_nc_ht=instagram.fmmx1-1.fna.fbcdn.net&_nc_cat=108&_nc_ohc=7gRt03MPYP4AX--01qN&edm=ABfd0MgBAAAA&ccb=7-4&oe=6248721E&oh=00_AT8e6gBqMRKAx0lmySS2FoiQrEHkoMEwYxX7sWmkRa-3kw&_nc_sid=7bff83",
      "alt": null,
      "likesCount": 97,
      "videoViewCount": 2238,
      "timestamp": "2022-03-16T14:12:40.000Z",
      "childPosts": [],
      "locationName": null,
      "locationId": null,
      "ownerFullName": null,
      "ownerUsername": "freshly",
      "ownerId": "1478278542",
      "productType": "clips"
    },
    {
      "id": "2794701557007804561",
      "type": "Image",
      "shortCode": "CbIxkJWrmiR",
      "caption": "\"With all of the chaos and constant snacks and meals being made around here @freshly has made life so much easier.\" \n\n📸: @dani_wahlstrom",
      "hashtags": [],
      "mentions": [
        "freshly",
        "dani_wahlstrom"
      ],
      "url": "https://www.instagram.com/p/CbIxkJWrmiR/",
      "commentsCount": 0,
      "firstComment": "",
      "latestComments": [],
      "dimensionsHeight": 1080,
      "dimensionsWidth": 1080,
      "displayUrl": "https://instagram.fmmx1-1.fna.fbcdn.net/v/t51.2885-15/275935700_640091590621887_3713627274914145187_n.jpg?stp=dst-jpg_e35_s1080x1080&_nc_ht=instagram.fmmx1-1.fna.fbcdn.net&_nc_cat=103&_nc_ohc=2CEbkvkbh9UAX8EqWdL&edm=ABfd0MgBAAAA&ccb=7-4&oh=00_AT_c3MLwu8wSfy6mfYKiZe0PA51uDxz6JPg4ysSXcarm5Q&oe=624CD998&_nc_sid=7bff83",
      "images": [],
      "alt": "Photo by Freshly on March 15, 2022. May be an image of 3 people, child, people standing, indoor and text that says 'bưkn freshly Mojo OSF freshly Li- ready meals minutes'.",
      "likesCount": 45,
      "timestamp": "2022-03-15T20:00:11.000Z",
      "childPosts": [],
      "locationName": null,
      "locationId": null,
      "ownerFullName": null,
      "ownerUsername": "freshly",
      "ownerId": "1478278542"
    }
  ],
  "following": [],
  "followedBy": [],
  "taggedPosts": []
}]